words,0
abducts,1
abel,1
abide,1
able,1
abnormal,1
absolute,1
absolutely,1
absolution,1
absurd,1
absynthe,1
abuse,2
abusing,1
abyss,2
accelerate,1
accept,1
accusation,1
ace,1
acid,1
across,3
acting,1
action,2
actively,1
actually,1
adam,1
adapt,1
addicted,1
adolescent,1
adore,1
adrenaline,2
advantage,1
affection,1
affinity,1
afraid,4
afternoon,1
age,2
aggression,1
aggressor,1
agitation,3
agony,3
aground,1
ah,2
ahead,3
aid,1
aimless,1
aint,1
air,13
alibi,1
alike,1
alive,10
alleyway,1
alliance,1
allure,1
almost,1
alone,13
along,1
already,3
alright,2
alternative,1
although,1
always,11
amassed,1
amber,1
amends,1
amphetamine,1
amplification,1
amputee,1
analyze,1
anarchy,1
angel,3
anger,5
animosity,2
annihilate,1
annihilation,1
another,14
answer,2
anticipation,1
anymore,4
anyone,2
anythin,1
anything,5
anywhere,1
apart,5
apathy,3
apocalypse,2
appear,1
appears,1
appendage,1
appetite,3
apple,1
approaching,1
apron,1
arching,1
arm,8
armageddon,1
armor,1
armpit,1
army,1
around,11
arrive,1
arrived,1
arrives,1
arrogance,1
as,5
ash,3
ask,7
asked,1
asleep,1
asphyxia,1
assassin,1
assassinate,1
assuring,2
astray,4
asylum,1
ate,1
atlas,1
attack,1
attention,1
attitude,1
attract,1
awaiting,2
awake,1
awaken,3
awakens,2
away,48
azalea,1
baby,7
babylon,1
back,32
backfire,1
backstabbing,1
bad,4
ball,1
band,1
bang,1
barbaric,1
barbed,1
bare,2
barely,1
barking,2
barred,3
barrel,1
based,1
basis,1
bastardize,1
bat,1
bathe,3
bathrobe,1
bathroom,1
battery,1
battle,2
battled,1
battlefield,1
beach,1
bear,6
bearing,1
beast,7
beat,9
beaten,2
beating,4
beauty,2
become,7
becomes,7
becoming,2
bed,3
bee,2
befall,1
beg,1
began,1
begin,6
beginning,4
begun,3
behind,12
belief,1
believe,8
believer,2
believing,1
bell,3
belong,3
beloved,1
bend,2
beneath,2
beseech,1
beset,2
beside,2
best,2
betray,4
betrayal,1
betrays,1
better,13
betting,1
beware,3
beyond,8
bid,2
big,5
bigger,1
biggest,1
billowing,1
bind,1
birth,3
birthright,1
bit,4
bitch,2
bite,10
bitter,2
bittering,1
bitterness,1
black,21
blacked,2
blackened,3
blacklisted,1
blade,1
blame,7
blamed,1
blasted,1
blatant,1
bleed,7
bleeding,8
bleeds,2
bless,1
blind,5
blinded,4
blindly,1
blindness,1
bliss,1
blistered,2
blistering,1
block,1
blood,18
bloodline,1
bloodshot,1
bloodstain,1
bloody,4
blot,1
blow,4
blue,3
blurring,1
blurry,1
bobbing,1
body,14
boil,1
boldness,1
bomb,1
bone,9
book,2
boot,1
borderline,2
bore,1
bored,1
boredom,1
boring,2
boris,1
born,11
bottle,2
bought,1
bound,1
boundary,3
bourbon,1
bow,3
box,1
boy,10
brain,12
branded,1
brandenburg,1
branding,1
break,13
breaker,1
breakfast,2
breaking,4
breast,1
breath,12
breathe,7
breathin,1
breathing,5
bred,1
breeding,1
breeze,2
bride,1
bright,3
brightest,1
brightness,1
bring,6
bringing,2
brings,6
broad,1
broke,1
broken,9
brood,1
brought,3
brow,1
brush,1
build,6
built,4
bulge,1
bullet,7
bulletproof,1
burden,4
burn,22
burner,1
burning,11
burst,1
bursting,2
bury,4
bush,1
busted,1
butchery,1
butterfly,1
buy,1
cage,3
cain,1
call,16
called,3
calling,2
callous,1
calm,1
came,2
cancellation,1
cancer,1
candle,3
cannon,1
cannot,15
captivation,1
captive,3
captor,1
car,2
card,1
care,11
cared,1
careful,1
careless,1
caressing,1
caring,2
carpe,1
carry,1
carved,1
cast,4
castaway,1
castle,1
cat,1
catatonic,1
catch,4
caught,5
cause,22
causing,2
celebrate,1
celebrity,1
cell,2
cemetery,1
censoring,1
center,1
certainly,1
chain,4
chained,2
chair,3
challenge,2
chance,6
change,9
changed,2
changing,1
channel,1
chaos,2
chaotic,1
charbroiled,1
charge,2
charged,2
charging,1
chase,4
chased,1
cheap,1
cheat,2
cheated,1
check,1
cheer,2
chemical,1
chessman,1
chest,1
chew,2
child,12
chill,6
chilling,1
chime,1
choice,2
choke,4
choking,2
choose,3
chop,2
chosen,2
chrome,1
churning,1
cigarette,1
circle,4
circling,1
circus,1
city,2
clad,1
claim,3
class,1
classify,1
claustrophobic,1
claw,1
clawing,1
clay,1
clean,10
clear,6
clearer,2
clench,1
clenching,1
climb,2
clipped,1
cloaked,1
clock,3
close,7
closed,3
closer,2
closet,1
closing,4
cloud,4
clown,3
clutching,1
coagulating,1
coat,1
code,1
coffee,1
coffin,2
cold,15
coldness,2
collarbone,1
colliding,1
color,3
colored,1
come,47
comer,1
comfort,2
comin,2
coming,5
command,1
commiseration,1
common,3
company,5
complete,1
completely,2
complicate,1
comprehend,2
compromise,3
concede,1
concrete,1
confess,2
confession,2
confetti,1
confide,1
confidence,1
conformity,1
confusion,2
connected,1
conquer,1
conquered,1
consciousness,2
consequence,1
conspiracy,1
conspire,1
constant,2
constantly,1
construction,2
consumes,1
contagious,1
contradiction,2
contribution,1
control,7
controlling,2
conversation,1
conviction,2
cook,1
cool,1
cope,1
core,1
corner,1
corpse,1
corrode,1
cosmos,1
cost,1
could,10
count,1
countless,1
course,4
court,1
coven,1
cover,3
coward,1
cowardly,1
cower,1
crack,5
crank,1
crap,1
crash,4
crashed,1
crave,1
craving,2
crawl,5
crawlin,1
crawling,4
create,1
created,1
creates,2
creation,3
creature,1
creep,2
creeping,1
crimson,1
criticize,2
crooked,1
cross,5
crossed,2
crossfire,2
crowd,2
crowded,1
crown,7
crucifix,1
crucify,2
crumbled,1
crumbles,1
crumbling,3
crush,5
crushed,1
crushing,5
crutch,1
cry,17
cryonic,1
crystal,1
crystallized,1
cthulhu,1
cult,1
cup,1
curator,1
cure,5
curiosity,1
curse,6
cursed,2
curtain,1
curtsy,1
curve,1
cut,9
cutter,1
cutting,1
cyanide,2
dad,1
damage,2
damn,9
damnation,1
dance,5
dancin,1
dancing,2
danger,1
dare,4
dark,13
darkening,1
darker,1
darkest,5
darkness,10
dawn,8
day,38
dead,26
deadly,5
deadwood,1
deafening,3
deal,3
dealing,1
dear,4
dearly,1
death,34
deathly,1
deathstyle,1
decadence,2
decay,3
deceit,1
deceive,1
deceiver,3
deceiving,3
deception,1
decide,1
decides,1
decimate,2
dedicate,2
dedicated,2
deed,1
deem,1
deep,16
deepen,1
deepened,2
defector,1
defending,1
defying,1
degrade,1
deity,1
deliverance,2
deliverer,1
deluding,1
delusion,2
dementia,2
demon,7
demonic,1
demonized,1
denial,1
denied,1
denies,1
deny,1
depression,1
deprivation,1
deprive,2
deprived,1
depth,1
derange,1
deranged,2
derives,1
descend,1
desecrate,2
deservingly,1
design,1
desire,6
desolate,1
despair,2
desperate,1
desperately,1
desperation,2
despises,1
despite,1
dessert,1
destiny,4
destroy,3
destroyed,1
destroyer,2
destroying,1
destruct,1
destruction,6
detector,1
determines,1
determining,1
deviate,2
devil,1
devotion,2
devour,2
diamond,1
dick,2
dictator,1
die,27
died,2
diem,1
difference,1
different,3
dig,3
digging,2
dignity,1
dilate,1
dim,1
direction,1
directly,1
dirt,5
dirty,6
disagree,1
disappear,2
disappeared,2
disappears,2
disappointment,1
disapprove,1
disarray,2
disciple,1
disconnect,1
discouraging,1
discrimination,1
disease,1
disfigure,1
disgrace,2
disgraced,1
disguise,2
dishonor,1
dismissible,1
distance,1
distant,1
distress,1
distributor,1
disturbing,1
divine,1
doctor,1
doer,1
dog,3
doggie,1
dogmatic,1
doll,1
dollar,1
dominate,1
dominating,2
domination,2
done,22
donna,1
doom,2
doomed,1
door,13
dopamine,1
doth,1
doubt,2
doubting,1
doused,1
downed,1
dragging,2
dragon,1
drain,3
drama,1
drape,1
draw,3
drawing,1
dread,1
dream,16
dreaming,6
dreamt,1
dress,2
drift,5
drifting,1
drink,4
drinking,1
drip,2
dripping,1
drive,3
driver,1
driveshaft,1
driving,1
drop,6
drown,3
drowning,3
drunk,2
dry,2
dub,1
due,2
dull,1
dust,3
dwell,2
dy,3
dying,11
ear,6
early,2
earth,12
easel,1
easy,3
eat,4
eats,1
echo,1
eclipse,1
eden,1
edge,2
effort,2
effortlessly,1
ego,1
egypt,1
either,1
elbowed,1
elder,1
electric,2
else,10
em,3
emancipation,1
emblem,1
emotion,1
empire,1
emptiness,2
empty,4
end,34
ending,9
endless,6
endurance,1
endure,3
enemy,2
energy,3
engaged,1
engine,2
enjoy,1
enough,5
enter,1
eon,1
er,1
era,1
erratic,1
escape,2
eternal,2
eternity,1
even,8
eventually,1
ever,10
evermore,2
every,13
everyone,7
everything,3
evil,3
evolution,3
except,1
exception,1
exchange,1
excitation,1
excuse,4
executioner,1
exhilaration,1
exist,2
existed,1
exists,1
exit,3
expectation,1
expiration,1
explode,1
exploding,1
exploiting,2
explosive,1
exposed,1
exposing,1
express,1
exterminate,2
extermination,1
eye,37
face,25
faced,1
facing,1
fact,1
fade,5
faded,1
fading,3
fail,1
failed,2
failure,2
fair,2
faith,6
faithful,1
faithfully,1
fake,1
fall,26
fallen,6
falling,7
fallout,1
false,1
fame,6
familiar,1
family,2
famine,2
fan,2
fanatic,1
fang,2
fantasy,1
far,8
farewell,2
farther,1
fascinate,1
fashion,1
fast,8
faster,3
fate,5
father,10
fear,30
fearing,1
fearless,1
feast,3
fed,1
feeble,1
feed,7
feeding,4
feel,45
feeling,14
felt,4
female,1
fes,1
fetch,1
fever,3
field,1
fiery,1
fight,13
fighting,4
figure,1
fill,8
filled,3
filling,1
filthy,1
final,5
finally,2
find,23
fine,2
finger,9
fingertip,2
finished,1
fire,24
first,2
fist,8
fistful,1
fit,2
five,2
fix,3
flagellation,1
flame,14
flaming,1
flash,2
flee,1
flesh,7
flick,1
float,3
floating,2
flood,1
flooded,1
floor,3
flow,1
flowing,1
flurry,1
flush,2
flutter,1
fly,3
flying,2
focus,1
focused,1
fog,4
follow,10
followed,1
following,3
follows,3
fool,2
fooled,1
fooling,1
foolish,1
foot,5
footstep,2
forbidden,2
force,3
fore,1
forehead,1
forever,12
forevermore,1
forget,1
forgets,1
forgive,3
forgiveness,2
forked,1
formed,1
forsake,1
fortune,2
forty,1
forward,2
foul,2
found,7
four,5
fourth,1
foyer,1
fragile,2
frail,1
frantic,2
frayed,1
freak,1
freaky,1
free,20
freed,1
freedom,4
freezing,1
freight,1
frenzied,2
freshly,1
friction,1
friend,11
friendly,2
fright,1
frightening,4
frigid,2
front,1
frostbitten,1
frown,1
frozen,4
fru,1
frustration,1
fuck,6
fucked,1
fuckin,3
fucking,2
fuel,1
fulfill,1
fulfilled,1
full,9
fun,3
funeral,3
furious,1
fury,2
fuse,1
fusion,2
future,5
gag,1
gain,2
galloping,1
gallows,1
gambler,1
game,4
garden,1
gas,1
gasoline,3
gasp,1
gate,3
gather,4
gathered,1
gathering,1
gave,2
gavel,1
gazing,1
gear,1
gelatin,1
general,1
generation,1
gentleman,1
getting,5
ghost,4
giant,1
gift,1
gig,1
gimme,2
gin,2
girl,3
give,18
given,2
givin,1
giving,3
glamour,1
glass,4
glaze,1
glorious,1
glory,3
glow,1
go,29
goal,1
god,12
goddess,2
goin,1
going,6
gold,3
golden,1
goliath,1
gone,23
gonna,10
good,12
goodbye,10
gory,1
goshen,1
gossip,1
got,19
gotta,2
grab,2
grabbing,1
grace,2
grain,2
granted,2
granting,1
gratitude,1
grave,8
graveyard,1
gray,1
great,2
greatest,1
greed,1
greedy,2
green,4
greeting,1
greets,1
grey,1
grid,1
grief,1
grieving,1
grim,2
grind,1
grip,6
gripping,1
ground,11
grow,6
growing,3
grown,2
grows,2
grudge,1
guarantee,3
guard,1
guess,1
guessing,1
guilt,2
guilty,3
gun,5
gut,3
ha,1
habit,2
habitat,2
hail,2
hair,3
half,1
hall,3
hallucination,2
halo,1
hammer,6
hammerhead,1
hand,22
handed,1
hang,1
hanging,1
happened,1
happening,2
happens,1
happy,2
hard,15
harder,2
hardwired,1
harley,1
harlot,1
harsh,1
harvest,2
harvester,1
haste,1
hate,11
hateful,1
hatred,2
haughty,1
haunt,2
haunted,1
havin,1
head,18
heading,1
headlight,2
headline,1
headstrong,1
heal,3
healing,1
healthy,1
hear,22
heard,6
hearing,2
hears,2
hearse,1
heart,19
heartbeat,2
heartbreak,2
heartbreaker,1
hearted,1
heartless,2
heat,5
heathen,1
heaven,6
heavy,6
hebrew,1
heed,1
heel,1
height,1
heir,1
held,1
hell,34
hellbound,1
hellfire,1
hello,3
help,10
helped,1
helpless,2
henchman,1
heresy,2
hero,3
heroin,1
hesitate,1
hey,4
hiccup,1
hid,1
hidden,3
hide,13
hiding,1
high,9
higher,5
highway,1
hill,2
hip,1
history,1
hit,13
hold,14
holding,2
hole,2
holier,1
hollow,1
hollywood,1
holy,1
home,12
honesty,2
honey,1
honor,1
hoof,1
hooked,1
hop,1
hope,6
hoping,2
horn,1
horrid,1
horrific,1
horror,4
horse,3
horseman,2
hostage,2
hot,7
hotel,1
hounding,1
hour,2
hourglass,2
house,2
howl,2
howling,1
hug,1
human,3
humanity,2
humble,2
hundred,3
hunger,7
hungry,4
hunt,4
hunter,1
hurry,2
hurt,8
hush,1
hybrid,1
hypnotic,1
hypnotize,1
hypnotizing,1
hypocrisy,2
hypocrite,1
hysteria,1
ice,2
iced,1
icicle,1
idiocy,1
idiot,1
ignorance,1
ill,2
illumed,1
illumination,1
illusion,1
imagination,1
imagine,1
immolation,1
immortal,1
imprisoning,1
impure,1
inbred,1
inc,1
incarnation,1
incinerate,1
include,1
incorporated,1
independence,1
infamy,3
infanticide,1
infection,1
infectiously,1
infector,1
infects,1
infiltration,1
inhabitant,1
inhale,1
inhaling,2
inheritance,2
injector,1
ink,1
innate,1
inner,2
innocence,4
innocent,1
inquisition,3
insane,11
insanity,3
insecurity,1
insert,1
inside,34
insist,1
inspired,1
instead,4
instinct,1
interest,1
internalize,1
intertwine,1
intoxicating,1
intruding,1
intuition,1
invade,1
invisible,1
inward,1
iron,2
island,1
isle,1
isolate,1
isolation,2
ivy,1
ja,1
jab,1
jack,2
jackal,1
jagged,1
jam,1
jar,1
jewel,1
job,1
join,5
joining,2
joy,1
juda,1
judge,3
judged,1
judgement,1
judging,1
judgment,1
juice,1
jukebox,1
jump,2
jungle,1
junior,1
junkie,1
jury,1
justice,2
karloff,1
karma,2
keep,19
keeper,1
kennedy,1
kept,1
key,3
kick,7
kicking,1
kid,1
kill,21
killing,8
kind,6
kindness,1
kindred,1
king,3
kingdom,3
kinski,1
kiss,7
kitchen,1
knee,6
kneel,1
knew,2
knife,1
knock,1
know,36
knowing,1
knowledge,1
known,5
knuckle,1
kotex,1
label,2
labeled,3
lady,3
lamb,3
land,9
landmine,1
lane,1
language,2
lashing,1
last,10
late,5
later,1
latest,1
latex,1
laugh,3
laughed,1
laughing,4
laughter,1
law,3
lay,9
layer,1
le,3
leaching,1
lead,4
leading,3
leaf,4
leak,1
lean,1
learn,2
learned,2
learns,2
leash,2
leather,8
leave,11
leavin,1
leaving,2
led,2
leech,1
left,14
leg,6
legacy,1
legion,1
lengthen,1
leper,1
lesson,1
lest,1
let,26
lethal,1
letter,1
letting,1
lexicon,1
liar,1
liberation,1
liberty,2
lie,20
lied,1
life,57
lifeline,1
lifestyle,1
lifetime,1
lift,1
lifting,1
light,29
lighting,2
lightning,3
like,29
liked,1
limb,1
limit,1
limitation,1
limited,1
limousine,1
line,12
lion,1
lip,8
liquid,2
liquified,1
listen,6
listening,3
lit,2
little,16
live,18
livin,1
living,15
load,2
loaded,1
loathes,1
lock,2
locked,6
locomotion,1
loneliness,1
lonely,3
long,10
longer,9
longing,2
look,21
looking,6
loom,1
looming,1
loos,1
loose,3
lord,6
lorre,1
lose,5
loss,3
lost,11
lot,1
loud,1
louder,2
love,21
loved,1
lovely,1
lover,3
low,3
lucifer,1
luck,4
luckily,1
lucky,1
lullaby,1
lunacy,1
lung,3
lured,1
lurking,1
lust,2
lux,1
lying,3
machine,5
machined,1
machinegun,1
mad,4
made,10
madly,2
madness,8
magnet,1
magnetic,1
magnification,1
magnifying,1
maim,1
make,35
maker,1
makin,1
mama,3
man,26
mangle,1
maniac,1
manic,1
manipulated,1
mannequin,1
mansion,1
many,3
map,1
mar,1
march,1
marionette,1
mark,3
marry,1
marshall,1
martyr,2
marvel,1
mashing,1
mask,3
masquerade,1
mass,4
massive,1
master,4
match,2
matter,9
may,8
maybe,1
maze,2
mean,2
meaning,5
meanness,1
meant,3
measure,1
medallion,1
medicine,2
meek,1
meet,5
megalomania,1
melt,2
melting,1
memory,3
men,5
mend,3
mental,1
mentality,1
mentally,2
mercenary,1
mercy,8
mere,1
merely,1
message,2
messenger,1
messiah,1
metal,7
metallica,2
metallization,1
method,1
midnight,6
might,7
mild,1
mile,1
militia,1
million,2
mind,25
mine,7
miniscule,1
minus,1
minuscule,1
minute,2
mirror,6
mirrored,1
misbehaving,1
miscall,1
misery,10
miss,1
missing,2
mission,1
mist,3
mistake,3
mistreated,1
mistress,1
mixed,3
moaning,1
mob,1
modern,1
molded,1
mom,1
moment,2
mon,1
money,5
monkey,1
monopoly,2
monster,2
moon,11
moral,1
moreau,1
mortal,1
moth,1
mother,6
motherfuck,1
motherfucker,1
motor,2
motorbreath,1
motorway,1
mounting,1
mouth,4
move,7
moved,1
movement,1
moving,2
much,16
multiplied,1
multiply,1
mummified,1
murder,3
murderer,1
murdering,1
must,17
mutilation,2
mutiny,2
mystery,1
mystified,1
myth,2
nadir,1
nail,3
naked,2
name,16
nameless,2
napping,1
nappy,1
narcissistic,1
narcotic,1
nation,1
native,2
natural,2
near,3
nearer,1
nears,3
neck,4
need,26
needed,1
needle,2
needlework,2
needy,1
negative,1
neo,1
net,1
never,54
nevermind,1
nevermore,2
new,12
newborn,1
next,2
nexus,1
nice,1
nicely,1
nicotine,1
night,17
nightie,1
nightime,1
nightly,1
nightmare,6
nile,1
nine,1
nipple,1
nitro,1
nobody,1
nod,1
noise,2
nomad,1
non,1
none,2
noose,2
normal,1
normalcy,1
nose,3
nosferatu,1
nothin,1
nothing,23
nothingness,1
notice,1
novelty,1
nowhere,4
nuclear,1
numb,1
numbered,2
obey,4
object,1
obligation,1
obliterate,1
oblivious,1
obscure,1
obscurity,2
obsession,2
occupy,2
offense,1
offer,1
oh,25
oil,1
ok,1
old,6
ominous,1
one,46
onto,5
ooh,2
oooh,1
ooooh,1
open,18
opened,2
opium,2
opposition,2
oppressive,1
order,1
ordinary,1
ostracize,1
ostracized,2
others,6
outcome,2
outgrown,1
outlaw,1
outside,2
outta,2
overdose,1
overhead,1
overload,2
overpower,2
overthrown,2
overtime,1
ow,1
owed,1
oxygen,1
pacified,1
pacify,1
page,1
pain,30
pained,1
painstaking,1
paint,3
painted,3
pale,2
paper,2
parade,1
paralyze,2
paranoia,1
part,4
partner,1
party,1
pas,1
pass,1
passing,1
passion,3
passionate,1
passionateless,1
past,11
patch,2
path,4
pathetic,1
pathway,1
patiently,1
patronize,2
pay,8
peace,3
peeling,1
pen,1
pending,1
penetrate,2
peon,1
people,6
perception,1
perfect,3
perfection,3
perhaps,1
perjurer,1
permanently,1
permeate,1
pestilence,2
peter,1
phantom,3
pharaoh,2
pick,2
piece,5
pierce,4
piercing,3
pillow,1
pin,3
pining,1
pint,1
piss,2
piston,1
pit,1
pitch,2
pitiful,1
place,10
plague,1
plan,5
planet,3
planned,2
plant,3
planted,1
planting,1
plate,1
play,11
plea,1
please,17
pleased,1
pleasure,1
plug,3
plus,2
pocket,1
point,5
poison,3
polarize,1
pony,1
poor,3
pop,1
population,1
portraiture,1
pose,1
possessed,1
pot,1
potency,3
pounding,2
pour,2
poured,1
power,5
powerful,1
powerhouse,1
pray,3
prayed,1
prayer,3
praying,1
preacher,1
precious,1
premonition,3
prepare,1
prepares,1
preservation,1
pressure,1
pretend,3
pretty,1
prevailed,1
prey,5
price,3
prickle,1
pride,4
priestess,1
prima,1
prison,3
progress,1
projecting,1
projector,1
promise,2
promised,1
pronged,1
proof,1
propagated,1
properly,1
prophecy,1
prophesied,1
prosper,2
prostitute,1
protecting,1
protector,1
proud,1
proudly,1
provoke,1
pry,1
prying,2
psychic,1
psychotic,1
public,1
publicity,1
puke,1
puking,1
pull,7
pulled,3
pulling,5
pulsing,1
pump,7
pumping,3
punish,1
puny,1
puppet,4
pure,6
purify,2
purity,1
pursuit,1
push,6
pushed,1
pushin,1
pushing,3
pussy,1
put,12
pyre,1
quake,1
quartet,1
queen,1
quench,1
quenchless,1
quest,2
question,4
quick,4
quickest,1
quickly,2
quiet,2
quit,1
quite,1
rabbit,1
race,2
radiate,1
rage,5
raging,2
rail,1
rain,5
rainin,1
raise,3
raised,1
rambler,1
rape,2
raped,2
rapid,1
rat,1
rather,1
rattle,3
rattling,1
raw,2
razorback,1
reach,4
reached,2
reaching,4
reaction,1
read,1
ready,3
real,11
reality,6
realize,2
realized,1
really,5
reanimated,1
reaper,2
reappear,1
rear,1
reason,5
rebel,2
rebirth,2
recall,1
recede,1
receive,2
recipe,1
recite,1
reckoning,1
reclaims,1
recognize,2
red,7
redeeming,1
redefine,2
redemption,1
reelings,1
reflection,2
regal,1
regret,3
regretfully,1
reign,5
reinforce,1
reinvent,1
reject,1
rejected,1
rejection,2
rejector,1
relate,1
release,5
relive,1
remains,3
remember,4
remembering,1
remembrance,1
remind,3
remorse,3
remove,1
renegade,1
renew,1
repay,1
repeat,2
repeating,1
repel,1
repent,2
reprieve,1
rescue,1
resentment,1
reset,1
reside,1
resist,1
respect,1
rest,7
restless,2
resurrect,1
resurrection,2
retribution,1
return,10
returned,1
returning,3
reveal,3
revealed,1
revenge,3
revolver,1
reward,1
rhyme,2
rhythm,1
ricochet,2
ridden,1
ride,6
rider,1
riding,1
right,29
ring,6
rip,4
ripped,1
ripping,6
rise,7
rising,4
ritual,3
river,3
road,6
roam,2
roaming,2
roar,1
rob,1
robot,1
rock,3
rockin,1
rocking,1
rockstar,1
roll,7
rolling,1
romance,1
ronnie,1
room,6
root,2
rope,3
rot,2
rotting,1
round,6
rover,1
rub,2
ruin,5
rule,6
rummage,1
run,22
runnin,1
running,7
rust,2
rusted,1
ruthless,1
rutted,1
sacred,1
sacrifice,2
sad,1
saddle,1
safe,3
safely,1
safety,2
said,10
sail,1
saint,2
salivate,1
salvation,3
sanctify,1
sand,3
sandman,1
sanitarium,2
sanity,4
satan,1
satanic,1
satisfaction,1
satisfied,3
satisfy,1
savage,1
savagery,1
save,15
savior,2
say,40
scalding,1
scale,1
scanning,1
scapegoat,1
scar,4
scarf,1
scarred,4
scarring,2
scene,2
schizophrenia,1
science,1
scope,1
scorch,1
score,3
scrape,1
scratch,3
scratching,1
scream,12
screamed,1
screaming,6
screen,1
screw,2
scrutinize,1
sea,8
seal,3
search,7
searching,2
season,3
seat,2
second,3
secret,3
secretly,1
secure,2
seduce,1
seduced,2
seduction,1
see,52
seed,9
seeing,1
seek,6
seeker,2
seeking,2
seem,5
seems,8
seen,4
seeps,2
seething,3
seized,1
self,6
selfish,2
sell,1
send,5
sender,1
sending,1
sens,2
sensation,1
sense,1
senseless,1
sent,3
serious,1
serpent,1
servant,3
serve,1
served,2
service,1
session,1
set,16
setting,1
settle,2
seven,1
severed,1
shadow,5
shadowed,1
shady,1
shake,8
shaking,3
shall,10
shallow,1
shame,8
shamed,1
shape,4
share,2
sharpened,1
sharpening,1
sharpest,1
shatter,2
shattered,1
shed,1
shedding,2
sheep,1
shell,5
shelter,4
shield,1
shift,4
shifting,1
shine,7
shined,2
shining,3
ship,1
shit,4
shiver,2
shocked,3
shoe,1
shoot,6
shooting,1
shoplift,1
shore,1
short,1
shortest,1
shot,2
shotgun,1
shoulder,2
shout,5
shouting,3
show,6
showing,2
shown,1
shrine,1
shrunk,1
shut,3
sick,3
sickness,2
side,7
sigh,1
sighing,1
sight,7
sign,5
signing,1
silence,6
silent,1
silently,1
simple,2
simply,1
sin,5
since,2
sincere,2
sinful,1
sink,2
sinking,4
sinned,1
sinner,2
sir,1
siren,1
sit,2
site,1
sits,1
sitting,1
size,1
skeleton,1
skin,13
sky,12
slam,1
slamming,2
slaughter,1
slave,4
sleep,13
sleeping,1
sleepless,2
sleepwalk,1
sleepy,1
sleeve,1
slingshot,1
slip,2
slipping,2
slow,3
slowly,1
slows,1
smack,1
small,3
smash,1
smashing,3
smell,3
smile,9
smiled,1
smiling,1
smoke,4
smolder,1
smoldering,1
smooth,1
smothered,1
snake,3
snap,1
snapping,1
snappy,1
sniff,1
snow,1
snuff,1
soak,1
social,1
sold,3
soldier,5
solitaire,1
solution,1
somehow,3
someone,7
something,9
son,9
song,4
sonic,1
soon,12
soothe,1
soothing,2
sore,1
sorrow,7
sorry,1
soul,26
sound,10
sounding,1
source,2
sowing,1
space,1
spark,1
speak,4
speaks,1
special,1
speech,2
speed,2
speeding,2
spell,5
spend,1
spermless,1
spike,1
spill,1
spilling,4
spin,1
spine,2
spineless,1
spinning,1
spiral,1
spirit,2
spit,8
spite,1
spitting,1
splatter,1
splayed,1
split,4
spoken,1
spoon,1
spot,1
spotlight,1
spout,1
spreading,5
spring,1
spurting,1
squeaking,1
squeeze,4
stab,1
stabbing,1
stage,2
stagger,1
stain,4
stained,2
stake,1
stalk,1
stalking,4
stand,13
standard,1
standing,2
star,8
stare,4
staring,2
starlight,2
start,18
state,3
static,1
station,1
stay,9
steady,2
steal,5
steamroller,1
steed,1
steel,1
steering,1
stein,1
step,7
stepping,4
stick,5
sticky,1
stiffened,1
stigma,1
stigmatic,1
stigmatize,1
still,25
stimulate,1
stinking,1
stirring,1
stitch,2
stoke,1
stokes,1
stone,9
stood,1
stop,13
stopped,1
store,1
storm,4
story,5
straight,10
stranded,1
strange,1
stranger,2
strangle,1
strap,1
strapped,3
straw,1
stray,2
stream,2
street,4
strength,2
stretching,1
stricken,1
strife,1
strike,4
string,5
strip,5
stripe,1
stripped,1
strive,1
striving,1
stroke,1
stroll,1
strong,6
stronger,1
struggle,5
struggling,1
strut,1
stuck,2
stuffed,1
stumble,2
stupidity,1
style,1
styx,1
subdued,1
subjugated,1
submission,1
submit,1
subsides,1
succeed,1
suck,2
sucked,1
sucker,1
sucking,2
suffer,9
suffers,1
suffocate,1
suffocates,1
suffocating,1
suicide,4
suit,2
sullen,1
summarize,1
summer,1
summoned,1
summons,1
sun,17
sunday,2
sunk,1
sunny,1
sunshine,1
super,1
supplying,1
suppose,2
supremacy,2
supreme,2
sure,5
surely,1
surrender,4
surrounding,1
surveillance,1
survive,4
survived,1
suspicion,1
suspicious,1
swallow,10
swarming,1
sway,1
swear,2
swearing,1
sweat,4
sweating,1
sweet,5
sweetness,1
swift,1
swim,1
swing,4
swirl,1
swiss,1
switch,1
swizz,1
sword,5
sympathy,1
system,1
table,1
tablet,1
tail,1
tainted,1
take,53
taken,9
taking,5
talk,3
talked,1
talking,4
tall,2
talon,1
tap,1
tape,1
tapped,1
taste,8
taught,1
tea,1
teach,2
teaching,1
tear,13
tearing,1
teasing,1
teeth,4
tell,14
telling,2
temple,1
tempt,1
temptation,1
tempting,2
ten,1
tend,2
tension,1
terminate,2
terminating,1
termination,1
terrible,1
terrified,1
terror,3
test,2
thawing,1
thee,4
therefore,1
thick,1
thigh,1
thin,1
thing,23
think,18
thinking,2
third,1
thirst,1
thirsty,1
thorn,3
thou,1
though,4
thought,17
thoughtless,1
thousand,2
thrashing,1
thread,2
threaten,1
threatens,1
three,3
thrive,1
throat,2
throne,3
throughout,1
throw,3
throwing,4
thrown,1
thumb,1
thunder,6
thy,2
thyself,1
tick,2
tide,2
tie,4
tied,6
tight,5
tighter,1
tightly,1
til,6
tile,1
till,8
tilt,1
time,48
timeless,2
tin,1
tincture,1
tiny,1
tip,3
tired,2
tiresome,1
tit,1
tock,1
today,7
toe,3
together,3
told,2
toll,5
tombstone,1
tomorrow,2
tongue,8
tonight,12
took,6
tooth,2
top,3
torch,1
torching,1
torment,1
torn,5
torture,1
tossing,1
total,1
touch,11
tourniquet,1
towards,2
tower,1
town,5
toy,2
trace,2
track,1
trade,1
tragedy,1
tragic,1
trail,1
train,5
tranquilized,1
transformation,1
trap,5
trapped,7
trash,1
traumatic,1
tread,1
treading,1
treasure,1
treat,1
tree,6
trend,2
tribulation,1
tributary,1
trick,3
trickle,1
tried,2
triggered,2
trot,1
truck,1
true,11
trumpet,1
trust,4
trusting,1
truth,10
try,11
trying,6
tube,1
tuck,1
tunnel,1
turn,15
turned,5
turning,5
turpentine,1
twenty,1
twice,1
twist,3
twisted,5
twisting,9
two,6
tyrant,1
uh,1
ultimate,2
ultra,1
un,1
unattached,1
unbound,2
unbridled,1
uncolors,1
uncrazy,1
uncross,1
undamaged,1
undenied,1
underground,1
understand,4
understanding,1
undertaker,1
undertow,1
undo,1
undone,3
undress,1
undying,1
unending,1
unequaled,1
unfair,1
unfeeling,2
unfold,1
unfolding,1
unforgiven,2
unforgiving,1
unholy,1
uni,2
unified,1
uniform,1
unknown,2
unless,1
unnamed,1
unplugging,1
unreal,1
unspoiled,1
unspoken,2
unto,7
upending,1
upon,12
upset,1
use,6
used,3
useless,1
using,1
utopian,1
vaccine,1
vagabond,1
vain,4
valentine,1
valley,1
vanity,2
veil,1
vein,6
venom,1
vertigo,1
victim,6
view,3
vigilance,1
vine,1
violate,1
violation,3
violence,3
violent,3
viral,1
virgin,1
vision,1
voice,7
volcanic,1
volume,4
voodoo,1
vow,2
vulture,3
vulva,1
waggle,1
wait,11
waiting,8
wake,9
wakened,1
waking,3
walk,6
walking,1
wall,3
wanderer,1
wandering,1
wanna,2
want,29
wanting,1
war,10
warfare,1
warhead,1
warhorse,1
warm,5
warming,1
warms,2
warmth,2
warning,1
warrior,1
wartime,1
wash,5
waste,6
wasted,1
watch,7
watched,2
water,3
wave,4
way,36
weak,1
weakening,1
weaker,2
wealth,2
wear,5
wearing,1
weave,1
web,1
weekend,1
weeping,1
weight,2
welcome,6
well,14
went,2
whatever,2
wheel,7
wherever,1
whip,3
whiplash,1
whippin,1
whipping,4
whirl,1
whisper,5
whispered,1
white,6
whoa,1
whole,3
whore,3
wick,1
wicked,6
wield,1
wife,2
wild,4
wildness,1
willing,1
win,6
wind,5
window,6
wine,1
wing,4
winged,1
winner,1
winning,2
winter,3
wire,1
wish,7
wished,1
witch,2
witchery,1
witchhunt,1
withdrawal,1
wither,1
withered,3
within,15
without,12
witness,3
woe,1
woken,1
wolf,5
woman,2
womb,1
wonder,3
wood,1
word,12
work,4
worker,1
world,26
worn,3
worry,2
worship,1
worshipper,1
worth,3
worthy,2
would,8
wound,5
wrapped,1
wrath,2
wreath,1
wreckage,1
wretch,1
wretched,2
write,1
writing,1
written,1
wrong,11
ya,4
ye,2
year,4
yearning,1
yell,1
yes,6
yesterday,2
yet,2
young,9
youth,2
zero,3
Ã¦terna,1
